"nomComposant","nomPlat"
"Poireaux","Raclette aux tenders de poulet frits"
"Petits pois","Raclette aux tenders de poulet frits"
"Raclette","Raclette aux tenders de poulet frits"
"Raclette","Raclette tenders croustillants et cornichons"
"Champignons","Raclette tenders croustillants et cornichons"
"Jambon","Raclette tenders croustillants et cornichons"
"Beurre","Raclette tenders croustillants et cornichons"
"Tenders de poulet","Raclette tenders croustillants et cornichons"
"Cornichons","Raclette tenders de poulet sauce blanche"
"Tomates séchées","Raclette tenders de poulet sauce blanche"
"Carottes","Raclette tenders de poulet sauce blanche"
"Lardons","Raclette tenders de poulet sauce blanche"
"Ail","Raclette tenders de poulet sauce blanche"
"Champignons","Raclette tenders épicés et oignons caramélisés"
"Quiche","Raclette tenders épicés et oignons caramélisés"
"Pizza","Raclette tenders épicés et oignons caramélisés"
"Brocolis","Raclette tenders épicés et oignons caramélisés"
"Haricots verts","Raclette tenders épicés et oignons caramélisés"
"Tenders de poulet","Raclette tenders poulet et pommes de terre"
"Brocolis","Raclette tenders poulet et pommes de terre"
"Ananas","Raclette viande kebab et poivrons"
"Quiche","Raclette viande kebab et poivrons"
"Tenders de poulet","Raclette viande kebab et poivrons"
"Citron","Raclette kebab fromage fondu"
"Brocolis","Raclette kebab fromage fondu"
"Poivrons","Raclette kebab fromage fondu"
"Oignons","Raclette kebab fromage fondu"
"Asperges","Raclette kebab sauce pimentée"
"Poivrons","Raclette kebab sauce pimentée"
"Viande à kebab","Raclette kebab sauce pimentée"
"Citron","Raclette kebab sauce pimentée"
"Champignons","Raclette kebab oignons et tomates séchées"
"Beurre","Raclette kebab oignons et tomates séchées"
"Jambon","Raclette saumon fumé et citron"
"Pommes de terre","Raclette saumon fumé et citron"
"Poireaux","Raclette saumon fumé et citron"
"Brocolis","Raclette saumon fumé et citron"
"Viande à kebab","Raclette saumon aneth et crème fraîche"
"Petits pois","Raclette saumon aneth et crème fraîche"
"Asperges","Raclette saumon aneth et crème fraîche"
"Lardons","Raclette saumon aneth et crème fraîche"
"Courgettes","Raclette saumon aneth et crème fraîche"
"Jambon","Raclette saumon et pommes de terre vapeur"
"Oignons","Raclette saumon et pommes de terre vapeur"
"Viande à kebab","Raclette saumon et pommes de terre vapeur"
"Saumon fumé","Raclette saumon et pommes de terre vapeur"
"Asperges","Raclette saumon et pommes de terre vapeur"
"Épinards","Raclette jambon de montagne"
"Haricots verts","Raclette jambon de montagne"
"Poireaux","Raclette lardons et oignons"
"Saumon fumé","Raclette lardons et oignons"
"Poivrons","Raclette lardons et oignons"
"Cornichons","Raclette lardons et oignons"
"Asperges","Raclette jambon cru et figues"
"Haricots verts","Raclette jambon cru et figues"
"Oignons","Raclette lardons fumés et champignons"
"Citron","Raclette lardons fumés et champignons"
"Carottes","Raclette jambon blanc et cornichons"
"Olives","Raclette jambon blanc et cornichons"
"Petits pois","Raclette jambon blanc et cornichons"
"Pizza","Raclette courgettes et tomates séchées"
"Olives","Raclette courgettes et tomates séchées"
"Ananas","Raclette courgettes et tomates séchées"
"Asperges","Raclette poivrons grillés et olives"
"Poivrons","Raclette poivrons grillés et olives"
"Carottes","Raclette poivrons grillés et olives"
"Pizza","Raclette poivrons grillés et olives"
"Tomates séchées","Raclette champignons et ail"
"Asperges","Raclette champignons et ail"
"Poivrons","Raclette champignons et ail"
"Courgettes","Raclette champignons et ail"
"Olives","Raclette ananas et poulet"
"Saumon fumé","Raclette ananas et poulet"
"Lardons","Raclette ananas et poulet"
"Viande à kebab","Raclette ananas et poulet"
"Citron","Raclette ananas et poulet"
"Brocolis","Raclette pizza façon quatre fromages"
"Olives","Raclette pizza façon quatre fromages"
"Quiche","Raclette pizza façon quatre fromages"
"Petits pois","Raclette pizza façon quatre fromages"
"Poivrons","Raclette pizza façon quatre fromages"
"Tenders de poulet frits","Raclette quiche lorraine revisitée"
"Viande à kebab","Raclette quiche lorraine revisitée"
"Pommes de terre","Raclette quiche lorraine revisitée"
"Citron","Raclette quiche lorraine revisitée"
"Carottes","Raclette quiche lorraine revisitée"
"Citron","Raclette kebab et frites maison"
"Pommes de terre","Raclette kebab et frites maison"
"Petits pois","Raclette tenders BBQ et cheddar"
"Olives","Raclette tenders BBQ et cheddar"
"Citron","Raclette tenders BBQ et cheddar"
"Cornichons","Raclette tenders BBQ et cheddar"
"Champignons","Raclette tenders BBQ et cheddar"
"Tenders de poulet frits","Raclette nuggets et ketchup maison"
"Beurre","Raclette nuggets et ketchup maison"
"Raclette","Raclette nuggets et ketchup maison"
"Cornichons","Raclette andouillette et moutarde"
"Ananas","Raclette andouillette et moutarde"
"Pizza","Raclette andouillette et moutarde"
"Asperges","Raclette andouillette et moutarde"
"Oignons","Raclette merguez et harissa"
"Quiche","Raclette merguez et harissa"
"Tomates séchées","Raclette merguez et harissa"
"Tenders de poulet frits","Raclette merguez et harissa"
"Oignons","Raclette chorizo et piment doux"
"Ananas","Raclette chorizo et piment doux"
"Haricots verts","Raclette boudin noir et pommes"
"Tenders de poulet frits","Raclette boudin noir et pommes"
"Brocolis","Raclette traditionnelle nature"
"Petits pois","Raclette traditionnelle nature"
"Poireaux","Raclette traditionnelle nature"
"Ail","Raclette traditionnelle nature"
"Beurre","Raclette pommes de terre et charcuterie"
"Poivrons","Raclette pommes de terre et charcuterie"
"Champignons","Raclette pommes de terre et charcuterie"
"Pommes de terre","Raclette pommes de terre et charcuterie"
"Jambon","Raclette pommes de terre et charcuterie"
"Saumon fumé","Raclette 3 fromages et noix"
"Citron","Raclette 3 fromages et noix"
"Haricots verts","Raclette fumée et betterave"
"Quiche","Raclette fumée et betterave"
"Champignons","Raclette fumée et betterave"
"Asperges","Raclette fumée et betterave"
"Saumon fumé","Raclette montagnarde complète"
"Pommes de terre","Raclette montagnarde complète"
"Poivrons","Raclette savoyarde aux herbes"
"Viande à kebab","Raclette savoyarde aux herbes"
"Brocolis","Raclette savoyarde aux herbes"
"Lardons","Raclette campagnarde aux lardons"
"Épinards","Raclette campagnarde aux lardons"
"Petits pois","Raclette campagnarde aux lardons"
"Tomates séchées","Raclette auvergnate et cantal"
"Lardons","Raclette auvergnate et cantal"
"Lardons","Raclette alsacienne et choucroute"
"Brocolis","Raclette alsacienne et choucroute"
"Champignons","Raclette alsacienne et choucroute"
"Quiche","Raclette alsacienne et choucroute"
"Ananas","Raclette basque et piment d''Espelette"
"Poivrons","Raclette basque et piment d''Espelette"
"Tenders de poulet","Raclette basque et piment d''Espelette"
"Saumon fumé","Raclette basque et piment d''Espelette"
"Raclette","Raclette aux tenders de poulet frits"
"Beurre","Raclette aux tenders de poulet frits"
"Haricots verts","Raclette aux tenders de poulet frits"
"Cornichons","Raclette tenders croustillants et cornichons"
"Ail","Raclette tenders croustillants et cornichons"
"Olives","Raclette tenders croustillants et cornichons"
"Ananas","Raclette tenders croustillants et cornichons"
"Raclette","Raclette tenders croustillants et cornichons"
"Tenders de poulet frits","Raclette tenders de poulet sauce blanche"
"Quiche","Raclette tenders de poulet sauce blanche"
"Oignons","Raclette tenders de poulet sauce blanche"
"Pommes de terre","Raclette tenders de poulet sauce blanche"
"Poireaux","Raclette tenders de poulet sauce blanche"
"Poireaux","Raclette tenders épicés et oignons caramélisés"
"Tomates séchées","Raclette tenders épicés et oignons caramélisés"
"Haricots verts","Raclette tenders poulet et pommes de terre"
"Ail","Raclette tenders poulet et pommes de terre"
"Poivrons","Raclette tenders poulet et pommes de terre"
"Asperges","Raclette tenders poulet et pommes de terre"
"Lardons","Raclette tenders poulet et pommes de terre"
"Petits pois","Raclette viande kebab et poivrons"
"Citron","Raclette viande kebab et poivrons"
"Jambon","Raclette viande kebab et poivrons"
"Ail","Raclette kebab fromage fondu"
"Quiche","Raclette kebab fromage fondu"
"Lardons","Raclette kebab fromage fondu"
"Cornichons","Raclette kebab fromage fondu"
"Beurre","Raclette kebab sauce pimentée"
"Viande à kebab","Raclette kebab sauce pimentée"
"Olives","Raclette kebab sauce pimentée"
"Petits pois","Raclette kebab oignons et tomates séchées"
"Épinards","Raclette kebab oignons et tomates séchées"
"Carottes","Raclette kebab oignons et tomates séchées"
"Citron","Raclette kebab oignons et tomates séchées"
"Pizza","Raclette saumon fumé et citron"
"Citron","Raclette saumon fumé et citron"
"Tomates séchées","Raclette saumon fumé et citron"
"Saumon fumé","Raclette saumon fumé et citron"
"Champignons","Raclette saumon fumé et citron"
"Tomates séchées","Raclette saumon aneth et crème fraîche"
"Viande à kebab","Raclette saumon aneth et crème fraîche"
"Poivrons","Raclette saumon et pommes de terre vapeur"
"Asperges","Raclette saumon et pommes de terre vapeur"
"Jambon","Raclette jambon de montagne"
"Poireaux","Raclette jambon de montagne"
"Tomates séchées","Raclette jambon de montagne"
"Courgettes","Raclette jambon de montagne"
"Ail","Raclette jambon de montagne"
"Pommes de terre","Raclette lardons et oignons"
"Tenders de poulet frits","Raclette lardons et oignons"
"Tomates séchées","Raclette lardons et oignons"
"Haricots verts","Raclette jambon cru et figues"
"Courgettes","Raclette jambon cru et figues"
"Poivrons","Raclette jambon cru et figues"
"Tomates séchées","Raclette jambon cru et figues"
"Tenders de poulet","Raclette jambon cru et figues"
"Tomates séchées","Raclette lardons fumés et champignons"
"Pizza","Raclette lardons fumés et champignons"
"Tenders de poulet frits","Raclette lardons fumés et champignons"
"Haricots verts","Raclette lardons fumés et champignons"
"Poivrons","Raclette jambon blanc et cornichons"
"Jambon","Raclette jambon blanc et cornichons"
"Beurre","Raclette jambon blanc et cornichons"
"Pizza","Raclette jambon blanc et cornichons"
"Viande à kebab","Raclette courgettes et tomates séchées"
"Brocolis","Raclette courgettes et tomates séchées"
"Ail","Raclette courgettes et tomates séchées"
"Tenders de poulet","Raclette courgettes et tomates séchées"
"Olives","Raclette poivrons grillés et olives"
"Ananas","Raclette poivrons grillés et olives"
"Tomates séchées","Raclette champignons et ail"
"Beurre","Raclette champignons et ail"
"Tenders de poulet frits","Raclette champignons et ail"
"Citron","Raclette champignons et ail"
"Poireaux","Raclette ananas et poulet"
"Citron","Raclette ananas et poulet"
"Tenders de poulet frits","Raclette ananas et poulet"
"Viande à kebab","Raclette ananas et poulet"
"Tomates séchées","Raclette ananas et poulet"
"Asperges","Raclette pizza façon quatre fromages"
"Haricots verts","Raclette pizza façon quatre fromages"
"Tenders de poulet","Raclette pizza façon quatre fromages"
"Jambon","Raclette pizza façon quatre fromages"
"Saumon fumé","Raclette pizza façon quatre fromages"
"Brocolis","Raclette quiche lorraine revisitée"
"Oignons","Raclette quiche lorraine revisitée"
"Cornichons","Raclette quiche lorraine revisitée"
"Olives","Raclette quiche lorraine revisitée"
"Brocolis","Raclette kebab et frites maison"
"Pommes de terre","Raclette kebab et frites maison"
"Saumon fumé","Raclette kebab et frites maison"
"Olives","Raclette kebab et frites maison"
"Tomates séchées","Raclette tenders BBQ et cheddar"
"Brocolis","Raclette tenders BBQ et cheddar"
"Carottes","Raclette nuggets et ketchup maison"
"Cornichons","Raclette nuggets et ketchup maison"
"Quiche","Raclette nuggets et ketchup maison"
"Tomates séchées","Raclette nuggets et ketchup maison"
"Saumon fumé","Raclette andouillette et moutarde"
"Viande à kebab","Raclette andouillette et moutarde"
"Courgettes","Raclette andouillette et moutarde"
"Jambon","Raclette andouillette et moutarde"
"Asperges","Raclette merguez et harissa"
"Jambon","Raclette merguez et harissa"
"Cornichons","Raclette chorizo et piment doux"
"Viande à kebab","Raclette chorizo et piment doux"
"Jambon","Raclette boudin noir et pommes"
"Courgettes","Raclette boudin noir et pommes"
"Brocolis","Raclette boudin noir et pommes"
"Champignons","Raclette traditionnelle nature"
"Olives","Raclette traditionnelle nature"
"Quiche","Raclette traditionnelle nature"
"Poivrons","Raclette traditionnelle nature"
"Carottes","Raclette traditionnelle nature"
"Champignons","Raclette pommes de terre et charcuterie"
"Raclette","Raclette pommes de terre et charcuterie"
"Lardons","Raclette pommes de terre et charcuterie"
"Ananas","Raclette pommes de terre et charcuterie"
"Pommes de terre","Raclette 3 fromages et noix"
"Quiche","Raclette 3 fromages et noix"
"Champignons","Raclette 3 fromages et noix"
"Poivrons","Raclette 3 fromages et noix"
"Oignons","Raclette fumée et betterave"
"Tomates séchées","Raclette fumée et betterave"
"Olives","Raclette fumée et betterave"
"Épinards","Raclette fumée et betterave"
"Courgettes","Raclette montagnarde complète"
"Cornichons","Raclette montagnarde complète"
"Pizza","Raclette savoyarde aux herbes"
"Lardons","Raclette savoyarde aux herbes"
"Brocolis","Raclette savoyarde aux herbes"
"Citron","Raclette savoyarde aux herbes"
"Haricots verts","Raclette campagnarde aux lardons"
"Lardons","Raclette campagnarde aux lardons"
"Viande à kebab","Raclette campagnarde aux lardons"
"Beurre","Raclette auvergnate et cantal"
"Haricots verts","Raclette auvergnate et cantal"
"Tenders de poulet frits","Raclette auvergnate et cantal"
"Oignons","Raclette alsacienne et choucroute"
"Olives","Raclette alsacienne et choucroute"
"Cornichons","Raclette alsacienne et choucroute"
"Carottes","Raclette alsacienne et choucroute"
"Asperges","Raclette alsacienne et choucroute"
"Champignons","Raclette basque et piment d''Espelette"
"Lardons","Raclette basque et piment d''Espelette"
"Petits pois","Raclette basque et piment d''Espelette"
"Beurre","Raclette basque et piment d''Espelette"