"codePersonnel_1","nomGrade","idReunion","dateReunion","codePersonnel","idLieu"
"15","Chevalier","1","2023-02-23 00:00:00","14","3"
"15","Chevalier","2","2022-06-04 00:00:00","38","54"
"51","Grand Chevalier","3","2020-10-16 00:00:00","4","60"
"30","Chevalier","4","2024-10-14 00:00:00","35","76"
"30","Chevalier","5","2019-12-22 00:00:00","4","38"
"33","Commandeur","6","2021-03-09 00:00:00","34","79"
"22","Chevalier","7","2022-11-21 00:00:00","29","71"
"33","Commandeur","8","2023-09-25 00:00:00","31","49"
"33","Commandeur","9","2020-08-03 00:00:00","45","7"
"51","Grand Chevalier","10","2023-08-16 00:00:00","35","52"
"13","Grand''Croix","11","2021-08-27 00:00:00","37","3"
"15","Chevalier","12","2021-03-13 00:00:00","28","54"
"51","Grand Chevalier","13","2021-06-08 00:00:00","3","76"
"13","Grand''Croix","14","2025-12-28 00:00:00","1","43"
"22","Chevalier","15","2025-06-09 00:00:00","26","33"
"15","Chevalier","16","2020-11-23 00:00:00","20","70"
"15","Chevalier","17","2023-01-07 00:00:00","26","57"
"30","Chevalier","18","2022-06-12 00:00:00","6","28"
"15","Chevalier","19","2024-07-07 00:00:00","35","34"
"13","Grand''Croix","20","2019-03-15 00:00:00","35","78"
"9","Grand Chevalier","21","2024-01-13 00:00:00","37","28"
"34","Chevalier","22","2019-05-11 00:00:00","49","26"
"22","Chevalier","23","2023-06-12 00:00:00","16","77"
"9","Grand Chevalier","24","2020-08-23 00:00:00","15","27"
"9","Grand Chevalier","25","2023-02-14 00:00:00","24","6"
"31","Chevalier","26","2025-07-22 00:00:00","10","70"
"16","Chevalier","27","2018-06-04 00:00:00","45","4"
"51","Grand Chevalier","28","2022-02-04 00:00:00","24","30"
"16","Chevalier","29","2020-10-02 00:00:00","48","82"
"33","Commandeur","30","2019-10-15 00:00:00","24","45"
"22","Chevalier","31","2023-04-09 00:00:00","17","47"
"30","Chevalier","32","2021-03-15 00:00:00","3","78"
"15","Chevalier","33","2025-01-21 00:00:00","8","56"
"16","Chevalier","34","2024-03-05 00:00:00","9","62"
"31","Chevalier","35","2018-06-02 00:00:00","22","33"
"51","Grand Chevalier","36","2021-08-23 00:00:00","12","7"
"51","Grand Chevalier","37","2025-01-20 00:00:00","22","42"
"9","Grand Chevalier","38","2020-07-19 00:00:00","52","51"
"34","Chevalier","39","2020-01-26 00:00:00","20","78"
"9","Grand Chevalier","40","2020-03-03 00:00:00","15","59"
"34","Chevalier","41","2018-07-22 00:00:00","2","59"
"30","Chevalier","42","2019-07-07 00:00:00","45","13"
"22","Chevalier","43","2025-04-26 00:00:00","46","27"
"31","Chevalier","44","2020-04-03 00:00:00","18","64"
"31","Chevalier","45","2024-01-01 00:00:00","47","60"
"22","Chevalier","46","2022-09-14 00:00:00","45","32"
"16","Chevalier","47","2020-03-07 00:00:00","30","53"
"30","Chevalier","48","2025-01-02 00:00:00","7","14"
"34","Chevalier","49","2023-07-01 00:00:00","35","10"
"15","Chevalier","50","2018-08-13 00:00:00","2","22"
"51","Grand Chevalier","51","2022-03-13 00:00:00","20","82"
"16","Chevalier","52","2018-08-02 00:00:00","8","32"
"31","Chevalier","53","2023-10-01 00:00:00","22","82"
"30","Chevalier","54","2024-01-10 00:00:00","20","11"
"16","Chevalier","55","2020-07-12 00:00:00","5","61"
"34","Chevalier","56","2023-05-14 00:00:00","32","7"
"13","Grand''Croix","57","2024-08-04 00:00:00","31","72"
"34","Chevalier","58","2018-03-19 00:00:00","23","51"
"15","Chevalier","59","2021-12-19 00:00:00","42","53"
"9","Grand Chevalier","60","2023-03-19 00:00:00","39","61"
"31","Chevalier","61","2025-11-28 00:00:00","17","68"
"51","Grand Chevalier","62","2022-02-26 00:00:00","2","39"
"30","Chevalier","63","2019-05-13 00:00:00","30","70"
"51","Grand Chevalier","64","2022-08-22 00:00:00","22","76"
"12","Chevalier","1","2020-04-22 00:00:00","20","45"
"52","Grand Chevalier","2","2025-07-28 00:00:00","41","66"
"26","Chevalier","3","2023-11-03 00:00:00","52","79"
"12","Chevalier","4","2022-09-27 00:00:00","35","75"
"21","Chevalier","5","2023-07-12 00:00:00","26","52"
"21","Chevalier","6","2024-12-21 00:00:00","33","55"
"23","Grand Chevalier","7","2018-08-01 00:00:00","31","71"
"34","Grand''Croix","8","2022-02-17 00:00:00","7","19"
"40","Grand Chevalier","9","2018-01-09 00:00:00","8","28"
"51","Chevalier","10","2022-08-24 00:00:00","18","26"
"21","Chevalier","11","2024-02-08 00:00:00","7","80"
"26","Chevalier","12","2025-07-08 00:00:00","3","14"
"23","Grand Chevalier","13","2021-03-21 00:00:00","31","69"
"34","Grand''Croix","14","2019-08-23 00:00:00","12","36"
"10","Commandeur","15","2019-04-01 00:00:00","4","8"
"34","Grand''Croix","16","2023-09-14 00:00:00","28","80"
"43","Grand Chevalier","17","2023-03-05 00:00:00","45","43"
"40","Grand Chevalier","18","2023-09-02 00:00:00","11","18"
"26","Chevalier","19","2024-11-03 00:00:00","37","3"
"22","Chevalier","20","2023-11-21 00:00:00","5","72"
"23","Grand Chevalier","21","2019-02-10 00:00:00","19","65"
"1","Chevalier","22","2024-02-05 00:00:00","28","52"
"52","Grand Chevalier","23","2020-09-14 00:00:00","38","28"
"12","Chevalier","24","2024-09-20 00:00:00","26","45"
"38","Chevalier","25","2021-05-08 00:00:00","38","15"
"38","Chevalier","26","2024-05-07 00:00:00","19","44"
"22","Chevalier","27","2019-01-19 00:00:00","5","60"
"52","Grand Chevalier","28","2024-09-23 00:00:00","12","29"
"38","Chevalier","29","2022-12-25 00:00:00","44","79"
"40","Grand Chevalier","30","2021-05-23 00:00:00","33","70"
"40","Grand Chevalier","31","2025-06-06 00:00:00","30","30"
"51","Chevalier","32","2024-12-22 00:00:00","10","48"
"22","Chevalier","33","2024-02-16 00:00:00","52","77"
"34","Grand''Croix","34","2018-07-18 00:00:00","9","12"
"21","Chevalier","35","2019-04-22 00:00:00","48","41"
"21","Chevalier","36","2020-07-03 00:00:00","51","52"
"52","Grand Chevalier","37","2023-02-14 00:00:00","15","3"
"23","Grand Chevalier","38","2020-01-18 00:00:00","10","32"
"52","Grand Chevalier","39","2025-05-17 00:00:00","3","38"
"51","Chevalier","40","2024-01-01 00:00:00","36","46"
"51","Chevalier","41","2021-08-24 00:00:00","2","18"
"21","Chevalier","42","2022-02-04 00:00:00","48","57"
"40","Grand Chevalier","43","2021-08-05 00:00:00","1","4"
"34","Grand''Croix","44","2018-05-01 00:00:00","52","62"
"26","Chevalier","45","2020-10-28 00:00:00","13","78"
"26","Chevalier","46","2022-05-26 00:00:00","10","1"
"10","Commandeur","47","2024-09-08 00:00:00","31","23"
"10","Commandeur","48","2018-02-05 00:00:00","16","24"
"21","Chevalier","49","2020-06-07 00:00:00","27","8"
"21","Chevalier","50","2019-12-15 00:00:00","9","34"
"1","Chevalier","51","2020-11-13 00:00:00","28","27"
"1","Chevalier","52","2020-01-25 00:00:00","46","47"
"41","Chevalier","53","2021-05-03 00:00:00","33","25"
"52","Grand Chevalier","54","2021-02-20 00:00:00","50","50"
"41","Chevalier","55","2021-07-03 00:00:00","22","74"
"23","Grand Chevalier","56","2020-02-10 00:00:00","12","4"
"23","Grand Chevalier","57","2019-01-09 00:00:00","36","50"
"51","Chevalier","58","2019-03-06 00:00:00","47","1"
"38","Chevalier","59","2022-03-14 00:00:00","20","26"
"1","Chevalier","60","2021-02-20 00:00:00","42","39"
"41","Chevalier","61","2025-10-22 00:00:00","51","67"
"51","Chevalier","62","2025-09-01 00:00:00","25","73"
"1","Chevalier","63","2021-02-08 00:00:00","36","1"
"12","Chevalier","64","2020-10-13 00:00:00","28","60"