"codePersonnel","telephone","nom","prenom","adresse","courriel","nomRang","nomTitre","nomDignite","nomGrade","SIRET"
"1","04 23 03 70 00","Lejeune","Claudine","chemin Lemaire, 79744 Schneiderdan","rlefevre@example.org","NULL","Protecteur","NULL","Sympathisant","58327577715553"
"2","0244835563","Henry","Agathe","boulevard de Guillon, 46547 Saint Élisabeth","mweber@example.org","Compagnon","NULL","NULL","Affilié","93862832892974"
"3","05 19 26 71 45","Bruneau","Patricia","65, boulevard Maurice Alexandre, 50638 Bonnet-sur","alexandreleblanc@example.org","Novice","NULL","NULL","Affilié","94673952937125"
"4","+33 (0)1 77 60 01 92","Rousseau","Alice","49, rue de Guillou, 19876 Lemonnier","dbriand@example.org","Compagnon","NULL","Grand Chancelier","Affilié","93862832892974"
"5","+33 (0)6 95 65 90 48","Moulin","Geneviève","64, chemin Maillot, 19706 Courtois-la-Forêt","clercgregoire@example.net","Compagnon","Philanthrope","NULL","Adhérent","29204316537763"
"6","03 73 29 38 48","Paul","Michelle","1, chemin de Alexandre, 08781 Clément","glaunay@example.org","NULL","Honorable","NULL","Sympathisant","17463215129492"
"7","+33 (0)6 61 21 26 64","Joubert","Agnès","40, chemin de Hamon, 08839 Grégoire","valeriemahe@example.org","Compagnon","Protecteur","NULL","Affilié","58327577715553"
"8","+33 3 66 80 75 01","Peron","Hugues","15, avenue Goncalves, 43315 BesnardVille","hmoreno@example.com","NULL","NULL","NULL","Sympathisant","26214346355415"
"9","+33 (0)4 38 19 96 53","Jacquet","Patrick","23, rue Ribeiro, 38513 BoulangerBourg","meunierisabelle@example.org","Novice","NULL","NULL","Grand Chevalier","03797424656396"
"10","+33 (0)1 44 18 23 44","Martineau","Caroline","652, rue Besnard, 14847 Saint Laurence-sur-Mer","hbodin@example.net","Novice","Philanthrope","Grand Chancelier","Affilié","17463215129492"
"11","+33 (0)4 66 00 81 09","Humbert","Marcel","36, avenue François, 62116 Clerc","etiennethibault@example.org","Compagnon","NULL","Grand Chancelier","Affilié","27572905406075"
"12","+33 (0)3 58 49 08 00","Grégoire","Hugues","28, rue Rousset, 46387 Blot","penelopeclerc@example.org","NULL","NULL","NULL","Sympathisant","58327577715553"
"13","+33 (0)7 90 52 33 90","Roy","Alphonse","60, rue Sébastien Ruiz, 87202 Saint Sylvie","elodie89@example.com","NULL","NULL","NULL","Grand'Croix","26214346355415"
"14","+33 4 68 61 66 42","Poirier","Éric","97, rue Gabrielle Prévost, 58591 Legros","leon00@example.net","Novice","NULL","NULL","Sympathisant","27572905406075"
"15","+33 (0)2 98 21 60 79","Grenier","Philippine","4, rue Marthe Labbé, 20906 Sainte Xavier","zroy@example.net","Compagnon","NULL","NULL","Chevalier","98583403494414"
"16","0149685798","Aubert","François","42, avenue Ruiz, 07221 Marty-la-Forêt","remy54@example.org","NULL","NULL","NULL","Chevalier","26904574727467"
"17","01 53 10 62 88","Aubry","Paulette","5, avenue Allain, 64880 BarthelemyVille","charlottefaure@example.com","NULL","NULL","Maître","Adhérent","91809860751237"
"18","02 54 12 94 95","Bouchet","Bertrand","532, chemin Chauvin, 33385 Lenoir","isaaccollet@example.org","NULL","NULL","Maître","Adhérent","21203305835197"
"19","0561662109","Neveu","Camille","48, avenue Jérôme Delannoy, 92186 Sainte François","josettepayet@example.com","NULL","NULL","NULL","Affilié","17463215129492"
"20","+33 4 80 17 83 09","Da Silva","Michel","97, avenue Véronique Alves, 10871 Nicolas-sur-Rod","antoinette50@example.net","NULL","NULL","NULL","Adhérent","17463215129492"
"21","+33 (0)2 41 65 93 37","Guillet","Thibault","378, rue Claudine Klein, 65854 Sainte Martin","paulettejourdan@example.net","Compagnon","NULL","NULL","Adhérent","98583403494414"
"22","04 90 11 69 01","Lefèvre","Pauline","1, boulevard de Chauveau, 52546 Seguin","thomasrolland@example.com","NULL","NULL","NULL","Chevalier","27572905406075"
"23","0491492536","Chauvet","Émilie","66, avenue Hubert, 38586 Rivière","arnaudeferrand@example.net","NULL","Philanthrope","NULL","Affilié","03797424656396"
"24","+33 3 57 76 06 85","Rousseau","Lucy","591, chemin Blot, 19282 Diaz-sur-Mer","delmasalice@example.org","Compagnon","NULL","NULL","Adhérent","27572905406075"
"25","0497025957","Tessier","André","6, rue de Sanchez, 53946 Saint Noël","helene94@example.org","Compagnon","Protecteur","NULL","Sympathisant","26904574727467"
"26","02 31 18 67 13","Dos Santos","Denis","61, rue de Devaux, 14916 Loiseau","devauxetienne@example.com","Compagnon","NULL","NULL","Sympathisant","21203305835197"
"27","+33 (0)1 78 08 30 29","Guérin","Marcelle","185, rue de Vallée, 34315 Baillydan","iallard@example.com","NULL","Protecteur","NULL","Affilié","94673952937125"
"28","+33 4 30 65 03 90","Hebert","Georges","6, rue de Noël, 23474 Huetboeuf","normandmichele@example.org","NULL","Philanthrope","NULL","Sympathisant","17463215129492"
"29","+33 (0)6 76 29 50 01","Chrétien","Guillaume","54, rue de Klein, 92179 Morvan","etiennemoreau@example.org","NULL","NULL","NULL","Affilié","17463215129492"
"30","+33 (0)4 84 81 49 42","Gomez","Adrienne","2, avenue Thibaut Reynaud, 93444 Munozdan","kguerin@example.com","NULL","NULL","NULL","Chevalier","98583403494414"
"31","+33 1 45 83 71 38","Rodriguez","Hortense","48, avenue Renée Barre, 15412 Sainte JoséphineVil","yjacquot@example.com","Compagnon","NULL","NULL","Chevalier","17069000924583"
"32","+33 (0)3 52 12 24 30","Bonnet","Émilie","avenue de Jacob, 90106 PagesBourg","ilemoine@example.org","Novice","NULL","NULL","Sympathisant","03797424656396"
"33","0558983692","Blot","Grégoire","8, avenue Techer, 82265 Saint Sabine","margaret62@example.org","NULL","Honorable","NULL","Commandeur","29204316537763"
"34","0590789474","Vasseur","Isabelle","25, chemin Aimée Fleury, 07581 Fouquet","sophiefaure@example.com","NULL","NULL","NULL","Chevalier","17069000924583"
"35","05 08 59 57 83","Georges","Geneviève","9, rue Antoinette Hernandez, 63719 Texier","noemi18@example.net","NULL","NULL","NULL","Affilié","03797424656396"
"36","02 53 62 62 84","Colin","Nath","avenue Élise Maillet, 94630 Hebertboeuf","parisjules@example.com","NULL","Protecteur","NULL","Adhérent","91809860751237"
"37","+33 3 84 04 38 00","Mace","Laurent","97, boulevard Bourdon, 42365 Lévyboeuf","clementsabine@example.org","NULL","Honorable","Grand Maître","Adhérent","94673952937125"
"38","01 60 81 68 36","Benoit","Michèle","48, rue de Voisin, 02818 Samsonnec","valentine84@example.com","Novice","NULL","NULL","Sympathisant","27572905406075"
"39","0553854607","Daniel","Célina","rue de Mallet, 05795 Lemonnier","nicolashonore@example.org","NULL","NULL","NULL","Adhérent","17069000924583"
"40","06 69 44 96 98","Gimenez","Aimée","24, boulevard Lévy, 25356 PeltierVille","ebernier@example.com","Novice","NULL","NULL","Adhérent","26214346355415"
"41","05 49 67 26 48","Pages","Édouard","boulevard Dominique Peltier, 32928 Chartier-sur-C","rfoucher@example.net","Compagnon","NULL","NULL","Sympathisant","21203305835197"
"42","+33 7 53 55 31 39","Blanchard","Zacharie","93, avenue Lebon, 59620 Regnier","sabine44@example.org","Compagnon","Honorable","NULL","Adhérent","27572905406075"
"43","0434125994","Launay","Guy","15, rue de Legrand, 71412 Fouquet","philippelaunay@example.org","NULL","Honorable","NULL","Sympathisant","03797424656396"
"44","+33 5 59 01 81 12","Jean","Jules","435, rue de Guillon, 24903 Sainte Emmanuel-sur-Me","astrid52@example.com","Novice","Philanthrope","Grand Maître","Adhérent","26904574727467"
"45","0630501107","Henry","Maryse","72, avenue Maryse Boulanger, 13323 Saint Nicolas","hamonetienne@example.net","NULL","NULL","NULL","Affilié","58327577715553"
"46","+33 2 57 08 41 59","Costa","Agnès","97, rue de Jourdan, 85206 Saint Henrinec","dmaury@example.org","NULL","NULL","NULL","Sympathisant","29204316537763"
"47","05 08 02 46 79","Lefebvre","Olivie","459, rue de Perrin, 62912 Da Costa","bouvetguillaume@example.org","Compagnon","Honorable","NULL","Sympathisant","03797424656396"
"48","03 44 09 20 32","Lambert","Josette","602, avenue Delahaye, 15245 Seguin-sur-Durand","fredericparent@example.com","NULL","Philanthrope","NULL","Affilié","85712400990456"
"49","0611404493","Rocher","Xavier","73, avenue de Morel, 79841 Saint Stéphane","martyemilie@example.org","Compagnon","Philanthrope","NULL","Affilié","27572905406075"
"50","0344732818","Schneider","Margaud","352, rue Paul Lagarde, 56675 Teixeira","ylefevre@example.com","Novice","Protecteur","NULL","Affilié","17463215129492"
"51","+33 3 39 51 83 01","Lecomte","Amélie","44, chemin Barbier, 51512 Chauvet-sur-Mer","margotmaury@example.org","Novice","Honorable","NULL","Grand Chevalier","29204316537763"
"52","+33 4 69 19 03 82","Chartier","Colette","chemin Thibault Andre, 57785 Martineau","whenry@example.org","NULL","NULL","Maître","Adhérent","26214346355415"
"1","04 87 39 72 83","Perez","Véronique","86, rue de Simon, 37397 Dupuis","tristanandre@example.org","Compagnon","NULL","NULL","Chevalier","04168713387698"
"2","01 72 40 23 93","Ramos","Philippe","283, rue Legendre, 67883 Pages-sur-Sauvage","olivier05@example.com","Compagnon","Philanthrope","NULL","Adhérent","23925132107441"
"3","0764773810","Merle","Zacharie","23, chemin Duval, 25236 Adam","pauline92@example.net","Compagnon","Philanthrope","NULL","Affilié","32793706817473"
"4","+33 (0)2 31 00 66 99","Boulay","Astrid","avenue Gabriel Perrier, 84403 Lecontedan","madeleine97@example.net","Novice","NULL","NULL","Sympathisant","66774841166811"
"5","06 27 25 60 83","Joly","Luce","7, boulevard Da Costa, 80624 Joly","renelebreton@example.com","NULL","Honorable","Maître","Sympathisant","19685774407057"
"6","07 94 11 76 92","Guichard","Laurence","18, rue Gaudin, 02557 Ramos","leleumanon@example.org","NULL","NULL","NULL","Affilié","68714397588616"
"7","+33 5 56 91 85 64","Ramos","Tristan","3, boulevard Chantal Mary, 34713 Roussel","raymondcoulon@example.com","NULL","NULL","NULL","Sympathisant","78362604882569"
"8","+33 3 68 99 60 65","Morin","Capucine","83, chemin Barre, 65300 Sainte ColetteVille","suzanne76@example.com","Novice","Honorable","NULL","Sympathisant","02526352213414"
"9","04 86 63 23 48","Jacob","Guy","90, rue Vidal, 05102 Saint Pierre","etienneguillon@example.net","NULL","NULL","NULL","Affilié","56174446444280"
"10","0631667637","Guillot","Augustin","55, rue Alice Bouvier, 81252 Carre-la-Forêt","gerardpereira@example.org","Compagnon","NULL","NULL","Commandeur","31553293661047"
"11","+33 6 05 84 88 45","Legrand","Jean","9, rue Millet, 20543 Bigot-sur-Mer","rdelorme@example.com","Novice","NULL","NULL","Affilié","31553293661047"
"12","0470136337","Descamps","Pierre","383, chemin de Garcia, 40569 Leroy","thibaultallard@example.org","Compagnon","NULL","NULL","Chevalier","23602879255681"
"13","+33 (0)2 69 22 81 45","Ribeiro","Étienne","246, rue de Lombard, 35780 Renard","isaacgerard@example.com","Compagnon","NULL","Maître","Affilié","78362604882569"
"14","0547627727","Pruvost","Alex","43, rue Lorraine Faivre, 59506 Gosselinboeuf","qlaine@example.com","Novice","Honorable","NULL","Adhérent","23925132107441"
"15","06 54 35 25 33","Leblanc","Christiane","3, boulevard Marchand, 95313 BoutinVille","fischerroger@example.net","NULL","NULL","NULL","Sympathisant","02526352213414"
"16","0478016958","Salmon","Christelle","boulevard Marie, 52351 Saint Élise","elodie99@example.net","NULL","NULL","NULL","Adhérent","02526352213414"
"17","02 61 07 30 25","Buisson","Marcelle","7, rue Marcel Mercier, 35653 Costadan","julie61@example.net","Compagnon","NULL","Grand Maître","Adhérent","29930408962222"
"18","+33 4 81 16 63 12","Raynaud","Claude","23, avenue Thibault, 35717 Roux","marincapucine@example.net","NULL","NULL","NULL","Adhérent","02449700136287"
"19","+33 4 22 11 80 93","Pierre","Sabine","99, chemin de Guérin, 12740 Besnard","ybouchet@example.net","NULL","NULL","NULL","Sympathisant","04168713387698"
"20","0153277206","Bernier","Laurent","rue Noël Hervé, 84687 Guillaume-sur-Alves","maggie06@example.net","Compagnon","Protecteur","NULL","Sympathisant","23602879255681"
"21","03 69 95 00 24","Didier","Odette","52, rue Charpentier, 36942 Pottier","jacques65@example.com","NULL","NULL","NULL","Chevalier","23602879255681"
"22","02 21 89 22 16","Lopes","Gabrielle","13, boulevard Camille Jourdan, 48667 Brun","margaux54@example.com","NULL","NULL","NULL","Chevalier","78362604882569"
"23","+33 (0)3 81 18 32 52","Bazin","Aurélie","2, boulevard Nathalie Duhamel, 86330 Perretdan","xschneider@example.com","Novice","Protecteur","NULL","Grand Chevalier","23925132107441"
"24","0269626051","Dias","Pénélope","30, rue de Berger, 63385 Dumont","wteixeira@example.net","Compagnon","NULL","NULL","Sympathisant","02526352213414"
"25","+33 7 51 92 08 85","Bodin","Astrid","36, rue Céline Voisin, 06595 Leconte","augustin41@example.net","NULL","Honorable","NULL","Affilié","78362604882569"
"26","03 60 23 74 65","Vasseur","Bernard","boulevard Pinto, 43521 Gaillard","frederique43@example.com","Compagnon","NULL","NULL","Chevalier","23925132107441"
"27","0256496642","Gonzalez","Amélie","56, rue Sophie Joubert, 53540 Leleu-les-Bains","bernardcharpentier@example.net","NULL","Philanthrope","NULL","Sympathisant","32793706817473"
"28","+33 2 31 53 25 92","Aubert","Manon","66, chemin Gilles Lopez, 11519 Saint Martinedan","nathalie53@example.net","Compagnon","Honorable","NULL","Affilié","23925132107441"
"29","04 72 26 62 73","Delaunay","Bertrand","31, boulevard Marc Becker, 47903 Guillounec","foucherjosette@example.net","Compagnon","NULL","Grand Chancelier","Sympathisant","23925132107441"
"30","+33 3 62 35 14 06","Collet","Lucy","43, rue Lefort, 05428 Berthelot-sur-Mer","rogerbonneau@example.com","Compagnon","NULL","NULL","Grand Chevalier","29930408962222"
"31","04 63 19 14 16","Fleury","Georges","39, rue Gomes, 97289 Vidal","bertrandfrederic@example.net","NULL","NULL","NULL","Affilié","45277421215781"
"32","+33 (0)3 73 72 27 35","Guillet","Alfred","7, rue Hortense Chartier, 81559 Klein-sur-Prévost","thomasdenise@example.com","Compagnon","Philanthrope","NULL","Sympathisant","02526352213414"
"33","0255295192","Royer","Nathalie","5, rue de Martinez, 48182 LenoirBourg","vbonnet@example.net","NULL","Protecteur","NULL","Sympathisant","19685774407057"
"34","+33 (0)2 34 25 62 47","Deschamps","Jean","56, avenue Andre, 03749 Laporte","sabine23@example.org","NULL","NULL","NULL","Grand'Croix","56174446444280"
"35","+33 (0)3 89 65 29 96","Hubert","Hélène","73, rue Gérard Bertrand, 69578 Benoit-les-Bains","vchauveau@example.com","Compagnon","NULL","NULL","Sympathisant","29930408962222"
"36","+33 (0)1 58 33 75 18","Raynaud","Thierry","rue Carre, 44946 Clément","verdierpenelope@example.net","Compagnon","NULL","NULL","Sympathisant","56174446444280"
"37","+33 (0)4 92 03 60 37","Paris","Céline","624, chemin de Courtois, 21733 Sainte François-le","teixeiraalex@example.com","Novice","Protecteur","NULL","Adhérent","66774841166811"
"38","+33 5 90 41 10 97","Perrin","Alain","5, chemin de Lévy, 31513 Mary-la-Forêt","marinnoemi@example.org","Compagnon","NULL","NULL","Chevalier","78362604882569"
"39","+33 (0)6 06 34 76 25","Neveu","Pénélope","22, avenue de Godard, 05640 Martinez","constancegrenier@example.com","NULL","Honorable","Grand Chancelier","Affilié","45277421215781"
"40","+33 (0)5 08 96 61 23","Lefèvre","Raymond","45, rue Émilie Maillot, 77988 LebretonBourg","camusvirginie@example.org","Novice","NULL","NULL","Grand Chevalier","23602879255681"
"41","+33 (0)2 50 96 23 62","Valette","Charlotte","994, rue Gabriel Dijoux, 97337 Sainte Robertdan","tlecomte@example.com","Compagnon","NULL","Grand Chancelier","Chevalier","31553293661047"
"42","03 51 86 53 02","Deschamps","Dorothée","75, rue Henry, 33115 Sainte LucBourg","huetchristiane@example.net","Novice","NULL","NULL","Affilié","29930408962222"
"43","0415323118","Martel","Lucas","8, rue Benoit, 24122 Gérard-sur-Payet","luce96@example.org","NULL","NULL","NULL","Grand Chevalier","56174446444280"
"44","03 75 69 03 04","Gomez","Olivie","6, avenue Thérèse Ledoux, 09670 Valletdan","celinelenoir@example.org","Novice","NULL","NULL","Affilié","78362604882569"
"45","+33 3 64 65 39 77","Vallée","Claire","134, rue Caron, 64213 Bourdon-sur-Fabre","apeltier@example.org","Novice","NULL","NULL","Sympathisant","78362604882569"
"46","+33 (0)4 58 42 42 89","Dias","Astrid","74, chemin Suzanne Fischer, 06912 Boyer","jolydenis@example.net","Novice","NULL","NULL","Sympathisant","02526352213414"
"47","+33 5 61 39 31 51","Roche","Sabine","8, rue Geneviève Albert, 04410 Danielnec","plemaire@example.com","Novice","Honorable","NULL","Sympathisant","04168713387698"
"48","+33 4 79 46 37 14","Lévêque","Édouard","91, boulevard Normand, 32417 Lecomte","philippinemonnier@example.org","NULL","NULL","Grand Maître","Sympathisant","68714397588616"
"49","0579973837","Lemaire","Christine","13, chemin Lambert, 62619 Saint Valérie","jacquetchristine@example.com","Compagnon","Protecteur","NULL","Adhérent","02449700136287"
"50","+33 7 58 85 73 38","Roussel","Olivier","67, rue Étienne Blin, 63307 Lainenec","margueriteparent@example.com","Novice","NULL","NULL","Affilié","32793706817473"
"51","04 67 88 38 76","Navarro","Louise","avenue de Jacob, 47761 Hardydan","iramos@example.net","NULL","NULL","NULL","Chevalier","78414032873034"
"52","05 47 64 71 38","Léger","Margot","39, rue de Baudry, 84601 Tanguy","svaillant@example.com","NULL","NULL","Grand Maître","Grand Chevalier","29930408962222"
